房间号,系统编号,表字,当前已用,购电剩余,上次通讯时间,记录时间
1-939,0005020027,8164.8000,1,38.3110,2020/11/28 6:02:56,2020-11-28 06:05:30
1-939,0005020027,8165.2000,0.4,37.9110,2020/11/28 12:02:56,2020-11-28 12:04:57
1-939,0005020027,8167.0000,1.8,36.1110,2020/11/28 18:02:57,2020-11-28 18:03:52
1-939,0005020027,8169.0000,2,34.1110,2020/11/28 22:02:56,2020-11-28 22:05:28
1-939,0005020027,8170.8000,1.8,32.3110,2020/11/29 6:02:57,2020-11-29 06:04:57
1-939,0005020027,8171.2000,0.4,31.9110,2020/11/29 12:03:06,2020-11-29 12:05:04
1-939,0005020027,8171.5000,0.3,31.6110,2020/11/29 18:02:58,2020-11-29 18:04:13
1-939,0005020027,8173.0000,1.5,30.1110,2020/11/29 22:02:56,2020-11-29 22:04:29
1-939,0005020027,8174.6000,1.6,28.5110,2020/11/30 6:02:58,2020-11-30 06:04:15
1-939,0005020027,8175.8000,1.2,27.3110,2020/11/30 12:03:06,2020-11-30 12:05:01
1-939,0005020027,8179.1000,3.3,24.0110,2020/11/30 18:02:57,2020-11-30 18:04:26
1-939,0005020027,8182.2000,3.1,20.9110,2020/11/30 22:02:55,2020-11-30 22:04:41
1-939,0005020027,8184.7000,2.5,18.4110,2020/12/1 6:02:57,2020-12-01 06:04:37
1-939,0005020027,8185.1000,0.4,18.0110,2020/12/1 12:02:56,2020-12-01 12:05:17
1-939,0005020027,8186.6000,1.5,16.5110,2020/12/1 18:02:56,2020-12-01 18:07:18
1-939,0005020027,8188.5000,1.9,14.6110,2020/12/1 22:02:57,2020-12-01 22:05:18
1-939,0005020027,8190.3000,1.8,12.8110,2020/12/2 6:02:57,2020-12-02 06:04:54
1-939,0005020027,8190.7000,0.4,12.4110,2020/12/2 12:02:56,2020-12-02 12:05:03
1-939,0005020027,8191.9000,1.2,11.2110,2020/12/2 18:02:55,2020-12-02 18:04:42
1-939,0005020027,8195.7000,3.8,7.4110,2020/12/2 22:02:56,2020-12-02 22:05:05
1-939,0005020027,8199.8000,4.1,3.3110,2020/12/3 6:02:57,2020-12-03 06:07:01
1-939,0005020027,8200.7000,0.9,50.0310,2020/12/3 12:02:57,2020-12-03 12:04:55
1-939,0005020027,8202.0000,1.3,48.7310,2020/12/3 18:02:57,2020-12-03 18:04:27
1-939,0005020027,8204.0000,2.0,46.7310,2020/12/3 22:02:57,2020-12-03 22:06:40
1-939,0005020027,8207.1000,3.1,43.6310,2020/12/4 6:02:57,2020-12-04 06:12:10
1-939,0005020027,8207.5000,0.4,43.2310,2020/12/4 12:03:07,2020-12-04 12:06:23
1-939,0005020027,8208.5000,1.0,42.2310,2020/12/4 18:02:57,2020-12-04 18:04:52
1-939,0005020027,8210.2000,1.7,40.5310,2020/12/4 22:02:56,2020-12-04 22:04:33
1-939,0005020027,8212.9000,2.7,37.8310,2020/12/5 6:02:57,2020-12-05 06:12:54
1-939,0005020027,8213.4000,0.5,37.3310,2020/12/5 12:02:56,2020-12-05 12:05:07
1-939,0005020027,8215.7000,2.3,35.0310,2020/12/5 18:02:56,2020-12-05 18:05:22
1-939,0005020027,8216.4000,0.7,34.3310,2020/12/5 22:02:55,2020-12-05 22:04:39
1-939,0005020027,8217.8000,1.4,32.9310,2020/12/6 6:02:57,2020-12-06 06:06:43
1-939,0005020027,8218.2000,0.4,32.5310,2020/12/6 12:02:56,2020-12-06 12:05:28
1-939,0005020027,8220.1000,1.9,30.6310,2020/12/6 18:02:56,2020-12-06 18:04:46
1-939,0005020027,8221.6000,1.5,29.1310,2020/12/6 22:02:57,2020-12-07 00:06:13
1-939,0005020027,8223.1000,1.5,27.6310,2020/12/7 6:02:57,2020-12-07 06:05:10
1-939,0005020027,8223.5000,0.4,27.2310,2020/12/7 12:02:58,2020-12-07 12:07:13
1-939,0005020027,8223.8000,0.3,26.9310,2020/12/7 13:00:09,2020-12-07 14:05:27
1-939,0005020027,8226.7000,2.9,24.0310,2020/12/7 18:02:58,2020-12-07 18:04:56
1-939,0005020027,8229.0000,2.3,21.7310,2020/12/7 22:02:56,2020-12-07 22:05:08
1-939,0005020027,8232.5000,3.5,18.2310,2020/12/8 6:02:56,2020-12-08 06:06:22
1-939,0005020027,8233.1000,0.6,17.6310,2020/12/8 12:02:56,2020-12-08 12:07:18
1-939,0005020027,8234.4000,1.3,16.3310,2020/12/8 18:02:57,2020-12-08 18:02:57
1-939,0005020027,8235.2000,0.8,15.5310,2020/12/8 22:03:07,2020-12-08 22:12:26
1-939,0005020027,8236.9000,1.7,13.8310,2020/12/9 6:02:56,2020-12-09 06:05:19
1-939,0005020027,8237.3000,0.4,13.4310,2020/12/9 12:03:02,2020-12-09 12:05:26
1-939,0005020027,8238.2000,0.9,12.5310,2020/12/9 18:02:57,2020-12-09 18:04:50
1-939,0005020027,8239.9000,1.7,10.8310,2020/12/9 22:02:56,2020-12-09 22:05:01
1-939,0005020027,8242.9000,3.0,7.8310,2020/12/10 6:02:57,2020-12-10 06:05:03
1-939,0005020027,8243.3000,0.4,7.4310,2020/12/10 12:02:56,2020-12-10 12:05:30
1-939,0005020027,8244.5000,1.2,6.2310,2020/12/10 18:02:57,2020-12-10 18:04:53
1-939,0005020027,8247.5000,3.0,3.2310,2020/12/10 22:02:57,2020-12-10 22:05:29
1-939,0005020027,8249.5000,2.0,1.2310,2020/12/11 6:02:57,2020-12-11 06:05:16
1-939,0005020027,8249.8000,0.3,0.9310,2020/12/11 12:02:56,2020-12-11 12:05:20
1-939,0005020027,8250.8000,1.0,95.1710,2020/12/11 18:02:57,2020-12-11 20:05:52
1-939,0005020027,8252.7000,1.9,93.2710,2020/12/11 22:02:56,2020-12-11 22:05:12
1-939,0005020027,8255.0000,2.3,90.9710,2020/12/12 6:02:57,2020-12-12 06:04:59
1-939,0005020027,8255.9000,0.9,90.0710,2020/12/12 18:02:56,2020-12-12 18:04:55
1-939,0005020027,8256.2000,0.3,89.7710,2020/12/12 22:02:57,2020-12-12 22:04:55
1-939,0005020027,8257.4000,1.2,88.5710,2020/12/13 6:02:56,2020-12-13 06:05:16
1-939,0005020027,8258.7000,1.3,87.2710,2020/12/13 12:02:56,2020-12-13 12:05:22
1-939,0005020027,8260.6000,1.9,85.3710,2020/12/13 18:02:57,2020-12-13 18:05:04
1-939,0005020027,8261.9000,1.3,84.0710,2020/12/13 22:02:56,2020-12-13 22:06:31
1-939,0005020027,8262.7000,0.8,83.2710,2020/12/14 6:02:56,2020-12-14 06:05:30
1-939,0005020027,8263.2000,0.5,82.7710,2020/12/14 12:02:56,2020-12-14 12:05:21
1-939,0005020027,8265.8000,2.6,80.1710,2020/12/14 18:02:57,2020-12-14 18:05:00
1-939,0005020027,8268.5000,2.7,77.4710,2020/12/14 22:02:56,2020-12-14 22:06:58
1-939,0005020027,8272.5000,4.0,73.4710,2020/12/15 6:02:57,2020-12-15 06:05:11
1-939,0005020027,8273.1000,0.6,72.8710,2020/12/15 12:02:56,2020-12-15 12:05:10
1-939,0005020027,8274.2000,1.1,71.7710,2020/12/15 18:02:57,2020-12-15 18:04:44
1-939,0005020027,8277.1000,2.9,68.8710,2020/12/15 22:03:02,2020-12-15 22:04:55
1-939,0005020027,8278.9000,1.8,67.0710,2020/12/16 6:02:57,2020-12-16 06:05:07
1-939,0005020027,8279.3000,0.4,66.6710,2020/12/16 12:03:07,2020-12-16 12:05:26
1-939,0005020027,8280.4000,1.1,65.5710,2020/12/16 18:02:57,2020-12-16 18:04:48
1-939,0005020027,8283.0000,2.6,62.9710,2020/12/16 22:03:07,2020-12-16 22:05:17
1-939,0005020027,8285.6000,2.6,60.3710,2020/12/17 6:02:57,2020-12-17 06:05:57
1-939,0005020027,8286.0000,0.4,59.9710,2020/12/17 12:02:56,2020-12-17 12:07:25
1-939,0005020027,8286.9000,0.9,59.0710,2020/12/17 18:02:56,2020-12-17 18:04:59
1-939,0005020027,8288.0000,1.1,57.9710,2020/12/17 22:03:10,2020-12-17 22:05:13
1-939,0005020027,8290.1000,2.1,55.8710,2020/12/18 6:02:58,2020-12-18 06:05:39
1-939,0005020027,8290.4000,0.3,55.5710,2020/12/18 12:02:57,2020-12-18 12:07:35
1-939,0005020027,8290.8000,0.4,55.1710,2020/12/18 18:02:57,2020-12-18 18:07:42
1-939,0005020027,8291.0000,0.2,54.9710,2020/12/18 22:02:57,2020-12-18 22:06:49
1-939,0005020027,8291.4000,0.4,54.5710,2020/12/19 6:02:57,2020-12-19 06:05:27
1-939,0005020027,8291.8000,0.4,54.1710,2020/12/19 12:02:56,2020-12-19 12:07:06
1-939,0005020027,8292.1000,0.3,53.8710,2020/12/19 18:02:57,2020-12-19 18:07:13
1-939,0005020027,8292.3000,0.2,53.6710,2020/12/19 22:02:57,2020-12-19 22:05:20
1-939,0005020027,8292.8000,0.5,53.1710,2020/12/20 6:03:32,2020-12-20 06:06:01
1-939,0005020027,8293.2000,0.4,52.7710,2020/12/20 12:02:57,2020-12-20 12:05:30
1-939,0005020027,8293.5000,0.3,52.4710,2020/12/20 18:02:57,2020-12-20 18:05:43
1-939,0005020027,8294.9000,1.4,51.0710,2020/12/20 22:02:56,2020-12-20 22:05:11
1-939,0005020027,8295.7000,0.8,50.2710,2020/12/21 6:02:57,2020-12-21 06:06:10
1-939,0005020027,8296.1000,0.4,49.8710,2020/12/21 12:02:56,2020-12-21 12:08:57
1-939,0005020027,8297.9000,1.8,48.0710,2020/12/21 18:02:57,2020-12-21 18:07:48
1-939,0005020027,8299.9000,2.0,46.0710,2020/12/21 22:02:56,2020-12-21 22:06:16
1-939,0005020027,8302.7000,2.8,43.2710,2020/12/22 6:03:00,2020-12-22 06:08:04
1-939,0005020027,8303.1000,0.4,42.8710,2020/12/22 12:02:58,2020-12-22 12:11:42
1-939,0005020027,8304.5000,1.4,41.4710,2020/12/22 18:02:59,2020-12-22 18:12:29
1-939,0005020027,8305.2000,0.7,40.7710,2020/12/22 22:02:57,2020-12-22 22:08:54
1-939,0005020027,8305.9000,0.7,40.0710,2020/12/23 6:02:58,2020-12-23 06:13:34
1-939,0005020027,8306.3000,0.4,39.6710,2020/12/23 12:03:06,2020-12-23 12:14:01
1-939,0005020027,8308.3000,2.0,37.6710,2020/12/23 18:02:55,2020-12-23 18:12:49
1-939,0005020027,8309.2000,0.9,36.7710,2020/12/23 22:02:56,2020-12-23 22:08:23
1-939,0005020027,8310.0000,0.8,35.9710,2020/12/24 6:03:07,2020-12-24 06:10:23
1-939,0005020027,8311.1000,1.1,34.8710,2020/12/24 12:02:57,2020-12-24 12:16:14
1-939,0005020027,8311.8000,0.7,100.7710,2020/12/24 18:02:55,2020-12-24 18:13:24
1-939,0005020027,8314.6000,2.8,97.9710,2020/12/24 22:03:02,2020-12-24 22:08:26
1-939,0005020027,8316.4000,1.8,96.1710,2020/12/25 6:02:57,2020-12-25 06:08:50
1-939,0005020027,8316.8000,0.4,95.7710,2020/12/25 12:02:56,2020-12-25 12:10:58
1-939,0005020027,8319.1000,2.3,93.4710,2020/12/25 18:02:57,2020-12-25 18:09:51
1-939,0005020027,8320.6000,1.5,91.9710,2020/12/25 22:02:56,2020-12-25 22:05:19
1-939,0005020027,8324.2000,3.6,88.3710,2020/12/26 6:02:58,2020-12-26 06:07:13
1-939,0005020027,8324.5000,0.3,88.0710,2020/12/26 12:02:55,2020-12-26 12:11:10
1-939,0005020027,8326.1000,1.6,86.4710,2020/12/26 18:02:58,2020-12-26 18:09:47
1-939,0005020027,8328.1000,2.0,84.4710,2020/12/26 22:02:57,2020-12-26 22:05:11
1-939,0005020027,8329.4000,1.3,83.1710,2020/12/27 6:02:57,2020-12-27 06:07:08
1-939,0005020027,8329.7000,0.3,82.8710,2020/12/27 12:02:58,2020-12-27 12:12:36
1-939,0005020027,8332.0000,2.3,80.5710,2020/12/27 18:02:57,2020-12-27 18:10:14
1-939,0005020027,8334.3000,2.3,78.2710,2020/12/27 22:02:57,2020-12-27 22:05:24
1-939,0005020027,8338.4000,4.1,74.1710,2020/12/28 6:02:57,2020-12-28 06:07:37
1-939,0005020027,8338.8000,0.4,73.7710,2020/12/28 12:02:58,2020-12-28 12:13:29
1-939,0005020027,8340.5000,1.7,72.0710,2020/12/28 18:02:56,2020-12-28 18:11:38
1-939,0005020027,8342.4000,1.9,70.1710,2020/12/28 22:03:00,2020-12-28 22:06:05
1-939,0005020027,8345.0000,2.6,67.5710,2020/12/29 6:02:57,2020-12-29 06:08:40
1-939,0005020027,8345.7000,0.7,66.8710,2020/12/29 12:02:56,2020-12-29 12:16:22
1-939,0005020027,8347.5000,1.8,65.0710,2020/12/29 18:02:58,2020-12-29 18:13:35
1-939,0005020027,8348.3000,0.8,64.2710,2020/12/29 22:02:57,2020-12-29 22:07:53
1-939,0005020027,8348.9000,0.6,63.6710,2020/12/30 6:02:58,2020-12-30 06:10:40
1-939,0005020027,8351.5000,2.6,61.0710,2020/12/30 12:02:57,2020-12-30 12:15:38
1-939,0005020027,8352.5000,1.0,60.0710,2020/12/30 18:02:57,2020-12-30 18:13:20
1-939,0005020027,8352.7000,0.2,59.8710,2020/12/30 22:02:58,2020-12-30 22:07:50
1-939,0005020027,8353.2000,0.5,59.3710,2020/12/31 6:02:57,2020-12-31 06:09:54
1-939,0005020027,8353.5000,0.3,59.0710,2020/12/31 12:02:57,2020-12-31 12:18:36
1-939,0005020027,8353.8000,0.3,58.7710,2020/12/31 18:02:56,2020-12-31 18:18:05
1-939,0005020027,8354.0000,0.2,58.5710,2020/12/31 22:02:57,2020-12-31 22:12:04
1-939,0005020027,8354.4000,0.4,58.1710,2021/1/1 6:02:58,2021-01-01 06:08:46
1-939,0005020027,8354.8000,0.4,57.7710,2021/1/1 12:02:56,2021-01-01 12:16:53
1-939,0005020027,8355.1000,0.3,57.4710,2021/1/1 18:02:57,2021-01-01 18:15:57
1-939,0005020027,8355.3000,0.2,57.2710,2021/1/1 22:02:57,2021-01-02 00:16:45
1-939,0005020027,8355.8000,0.5,56.7710,2021/1/2 6:02:58,2021-01-02 06:09:46
1-939,0005020027,8356.1000,0.3,56.4710,2021/1/2 12:02:57,2021-01-02 12:17:06
1-939,0005020027,8356.4000,0.3,56.1710,2021/1/2 18:02:58,2021-01-02 18:18:05
1-939,0005020027,8356.6000,0.2,55.9710,2021/1/2 22:02:57,2021-01-02 22:12:04
1-939,0005020027,8357.1000,0.5,55.4710,2021/1/3 6:02:58,2021-01-03 06:09:46
1-939,0005020027,8357.4000,0.3,55.1710,2021/1/3 12:02:57,2021-01-03 12:16:53
1-939,0005020027,8357.8000,0.4,54.7710,2021/1/3 18:02:58,2021-01-03 18:02:58
1-939,0005020027,8358.3000,0.5,54.2710,2021/1/3 22:02:57,2021-01-03 22:02:57
1-939,0005020027,8358.9000,0.6,53.6710,2021/1/4 6:02:58,2021-01-04 06:02:58
1-939,0005020027,8359.4000,0.5,53.1710,2021/1/4 12:02:57,2021-01-04 12:02:57
1-939,0005020027,8362.2000,2.8,50.3710,2021/1/4 18:02:57,2021-01-04 18:19:19
1-939,0005020027,8365.4000,3.2,47.1710,2021/1/4 22:03:07,2021-01-04 22:11:05
1-939,0005020027,8366.5000,1.1,46.0710,2021/1/5 6:02:58,2021-01-05 06:10:36
1-939,0005020027,8367.3000,0.8,45.2710,2021/1/5 12:02:57,2021-01-05 12:19:59
1-939,0005020027,8370.3000,3.0,42.2710,2021/1/5 18:02:58,2021-01-05 18:19:22
1-939,0005020027,8371.2000,0.9,41.3710,2021/1/5 22:02:57,2021-01-05 22:11:18
1-939,0005020027,8373.2000,2.0,39.3710,2021/1/6 6:02:58,2021-01-06 06:10:52
1-939,0005020027,8373.7000,0.5,38.8710,2021/1/6 12:03:06,2021-01-06 12:21:03
1-939,0005020027,8376.6000,2.9,35.9710,2021/1/6 18:02:56,2021-01-06 18:22:33
1-939,0005020027,8377.4000,0.8,35.1710,2021/1/6 22:02:55,2021-01-06 22:11:53
1-939,0005020027,8378.6000,1.2,33.9710,2021/1/7 6:02:56,2021-01-07 06:11:21
1-939,0005020027,8379.8000,1.2,32.7710,2021/1/7 12:02:57,2021-01-07 12:23:14
1-939,0005020027,8381.5000,1.7,31.0710,2021/1/7 18:02:57,2021-01-07 18:20:33
1-939,0005020027,8385.1000,3.6,27.4710,2021/1/7 22:02:58,2021-01-07 22:11:57
1-939,0005020027,8388.2000,3.1,24.3710,2021/1/8 6:02:57,2021-01-08 06:11:34
1-939,0005020027,8389.4000,1.2,23.1710,2021/1/8 12:02:56,2021-01-08 12:24:26
1-939,0005020027,8390.8000,1.4,21.7710,2021/1/8 18:02:57,2021-01-08 18:21:40
1-939,0005020027,8393.6000,2.8,18.9710,2021/1/8 22:03:07,2021-01-08 22:13:17
1-939,0005020027,8395.8000,2.2,16.7710,2021/1/9 6:02:57,2021-01-09 06:13:19
1-939,0005020027,8396.4000,0.6,16.1710,2021/1/9 12:02:57,2021-01-09 12:26:36
1-939,0005020027,8398.5000,2.1,14.0710,2021/1/9 18:02:58,2021-01-09 18:21:06
1-939,0005020027,8401.8000,3.3,10.7710,2021/1/9 22:02:57,2021-01-09 22:12:44
1-939,0005020027,8403.0000,1.2,9.5710,2021/1/10 6:02:58,2021-01-10 06:14:10
1-939,0005020027,8403.5000,0.5,9.0710,2021/1/10 12:02:57,2021-01-10 12:28:49
1-939,0005020027,8406.6000,3.1,5.9710,2021/1/10 18:02:58,2021-01-10 18:23:07
1-939,0005020027,8408.9000,2.3,3.6710,2021/1/10 22:02:58,2021-01-10 22:14:37
1-939,0005020027,8412.9000,4.0,47.2910,2021/1/11 6:02:57,2021-01-11 06:12:45
1-939,0005020027,8413.8000,0.9,46.3910,2021/1/11 12:02:58,2021-01-11 12:28:44
1-939,0005020027,8416.0000,2.2,44.1910,2021/1/11 18:02:56,2021-01-11 18:26:54
1-939,0005020027,8418.7000,2.7,41.4910,2021/1/11 22:02:57,2021-01-11 22:17:14
1-939,0005020027,8420.2000,1.5,39.9910,2021/1/12 6:02:58,2021-01-12 06:15:39
1-939,0005020027,8421.2000,1.0,38.9910,2021/1/12 12:02:57,2021-01-12 12:27:57
1-939,0005020027,8423.6000,2.4,36.5910,2021/1/12 18:03:07,2021-01-12 18:27:53
1-939,0005020027,8425.0000,1.4,35.1910,2021/1/12 22:02:58,2021-01-12 22:20:00
1-939,0005020027,8426.6000,1.6,33.5910,2021/1/13 6:02:55,2021-01-13 06:19:28
1-939,0005020027,8428.1000,1.5,32.0910,2021/1/13 12:03:17,2021-01-13 12:31:23
1-939,0005020027,8430.7000,2.6,29.4910,2021/1/13 18:02:56,2021-01-13 18:36:01
1-939,0005020027,8434.0000,3.3,26.1910,2021/1/13 22:02:55,2021-01-13 22:31:23
1-939,0005020027,8435.5000,1.5,24.6910,2021/1/14 6:02:56,2021-01-14 06:22:00
1-939,0005020027,8435.9000,0.4,24.2910,2021/1/14 12:03:07,2021-01-14 12:30:33
1-939,0005020027,8437.1000,1.2,23.0910,2021/1/14 18:02:58,2021-01-14 18:36:01
1-939,0005020027,8439.2000,2.1,20.9910,2021/1/14 22:02:56,2021-01-14 22:28:40
1-939,0005020027,8440.2000,1.0,19.9910,2021/1/15 6:02:58,2021-01-15 06:20:08
1-939,0005020027,8441.5000,1.3,18.6910,2021/1/15 12:02:56,2021-01-15 12:27:46
1-939,0005020027,8443.1000,1.6,17.0910,2021/1/15 18:02:57,2021-01-15 18:34:40
1-939,0005020027,8444.1000,1.0,16.0910,2021/1/15 22:02:58,2021-01-15 22:27:36
1-939,0005020027,8446.0000,1.9,14.1910,2021/1/16 6:02:57,2021-01-16 06:23:41
1-939,0005020027,8446.5000,0.5,13.6910,2021/1/16 12:03:08,2021-01-16 12:27:54
1-939,0005020027,8448.7000,2.2,11.4910,2021/1/16 18:02:56,2021-01-16 18:33:40
1-939,0005020027,8450.1000,1.4,10.0910,2021/1/16 22:02:55,2021-01-17 00:29:09
1-939,0005020027,8453.2000,3.1,6.9910,2021/1/17 6:02:57,2021-01-17 06:20:00
1-939,0005020027,8453.5000,0.3,6.6910,2021/1/17 12:02:57,2021-01-17 12:29:57
1-939,0005020027,8462.1000,8.6,-1.9090,2021/1/18 12:02:57,2021-01-18 12:29:16
1-939,0005020027,8464.9000,2.8,42.9110,2021/1/18 18:02:57,2021-01-18 18:36:46
1-939,0005020027,8467.7000,2.8,40.1110,2021/1/18 22:02:56,2021-01-18 22:28:48
1-939,0005020027,8469.2000,1.5,38.6110,2021/1/19 6:02:58,2021-01-19 06:23:35
1-939,0005020027,8469.8000,0.6,38.0110,2021/1/19 12:02:56,2021-01-19 12:29:50
1-939,0005020027,8471.1000,1.3,36.7110,2021/1/19 18:02:57,2021-01-19 18:39:29
1-939,0005020027,8473.0000,1.9,34.8110,2021/1/19 22:03:07,2021-01-19 22:31:59
1-939,0005020027,8475.4000,2.4,32.4110,2021/1/20 6:02:56,2021-01-20 06:24:17
1-939,0005020027,8475.7000,0.3,32.1110,2021/1/20 12:02:57,2021-01-20 12:32:52
1-939,0005020027,8477.9000,2.2,29.9110,2021/1/20 18:02:56,2021-01-20 18:39:27
1-939,0005020027,8480.0000,2.1,27.8110,2021/1/20 22:06:11,2021-01-20 22:28:56
1-939,0005020027,8482.4000,2.4,25.4110,2021/1/21 6:03:04,2021-01-21 06:21:05
1-939,0005020027,8483.3000,0.9,24.5110,2021/1/21 12:02:57,2021-01-21 12:32:51
1-939,0005020027,8485.7000,2.4,22.1110,2021/1/21 18:02:57,2021-01-21 18:38:23
1-939,0005020027,8487.6000,1.9,20.2110,2021/1/21 22:02:56,2021-01-21 22:29:15
1-939,0005020027,8488.7000,1.1,19.1110,2021/1/22 6:02:58,2021-01-22 06:21:54
1-939,0005020027,8489.0000,0.3,18.8110,2021/1/22 12:02:57,2021-01-22 12:32:49
1-939,0005020027,8490.1000,1.1,17.7110,2021/1/22 18:02:56,2021-01-22 18:37:34
1-939,0005020027,8492.0000,1.9,15.8110,2021/1/22 22:02:57,2021-01-22 22:29:14
1-939,0005020027,8494.6000,2.6,13.2110,2021/1/23 6:02:57,2021-01-23 06:23:59
1-939,0005020027,8495.0000,0.4,12.8110,2021/1/23 12:02:56,2021-01-23 12:30:00
1-939,0005020027,8498.3000,3.3,9.5110,2021/1/23 18:02:56,2021-01-23 18:34:06
1-939,0005020027,8500.9000,2.6,6.9110,2021/1/23 22:02:57,2021-01-23 22:26:19
1-939,0005020027,8503.4000,2.5,4.4110,2021/1/24 6:02:57,2021-01-24 06:21:09
1-939,0005020027,8503.8000,0.4,4.0110,2021/1/24 12:02:56,2021-01-24 12:34:19
1-939,0005020027,8506.4000,2.6,96.6510,2021/1/24 18:02:58,2021-01-24 18:34:58
1-939,0005020027,8507.5000,1.1,95.5510,2021/1/24 22:02:57,2021-01-24 22:26:58
1-939,0005020027,8510.5000,3.0,92.5510,2021/1/25 6:02:57,2021-01-25 06:22:48
1-939,0005020027,8511.1000,0.6,91.9510,2021/1/25 12:02:56,2021-01-25 12:33:12
1-939,0005020027,8513.1000,2.0,89.9510,2021/1/25 18:02:58,2021-01-25 18:37:53
1-939,0005020027,8516.0000,2.9,87.0510,2021/1/25 22:02:57,2021-01-25 22:29:34
1-939,0005020027,8518.0000,2.0,85.0510,2021/1/26 6:02:58,2021-01-26 06:16:25
1-939,0005020027,8518.5000,0.5,84.5510,2021/1/26 12:02:57,2021-01-26 12:07:51
1-939,0005020027,8520.3000,1.8,82.7510,2021/1/26 18:02:57,2021-01-26 18:06:46
1-939,0005020027,8521.8000,1.5,81.2510,2021/1/26 22:02:55,2021-01-26 22:04:50
1-939,0005020027,8523.1000,1.3,79.9510,2021/1/27 6:02:55,2021-01-27 06:05:03
1-939,0005020027,8523.7000,0.6,79.3510,2021/1/27 12:02:57,2021-01-27 12:08:59
1-939,0005020027,8524.6000,0.9,78.4510,2021/1/27 18:02:58,2021-01-27 18:09:41
1-939,0005020027,8526.5000,1.9,76.5510,2021/1/27 22:02:56,2021-01-27 22:05:03
1-939,0005020027,8529.4000,2.9,73.6510,2021/1/28 6:03:07,2021-01-28 06:05:02
1-939,0005020027,8529.9000,0.5,73.1510,2021/1/28 12:02:57,2021-01-28 15:54:13
1-939,0005020027,8531.1000,1.2,71.9510,2021/1/28 18:02:57,2021-01-28 18:11:56
1-939,0005020027,8533.0000,1.9,70.0510,2021/1/28 22:02:57,2021-01-28 22:05:07
1-939,0005020027,8533.9000,0.9,69.1510,2021/1/29 6:02:58,2021-01-29 06:06:53
1-939,0005020027,8534.5000,0.6,68.5510,2021/1/29 12:02:57,2021-01-29 12:11:03
1-939,0005020027,8535.7000,1.2,67.3510,2021/1/29 18:02:58,2021-01-29 18:08:32
1-939,0005020027,8538.4000,2.7,64.6510,2021/1/29 22:02:57,2021-01-29 22:07:33
1-939,0005020027,8539.5000,1.1,63.5510,2021/1/30 6:02:58,2021-01-30 06:07:07
1-939,0005020027,8539.8000,0.3,63.2510,2021/1/30 12:02:57,2021-01-30 12:08:49
1-939,0005020027,8541.3000,1.5,61.7510,2021/1/30 18:02:57,2021-01-30 18:06:51
1-939,0005020027,8542.9000,1.6,60.1510,2021/1/30 22:03:06,2021-01-30 22:04:52
1-939,0005020027,8544.8000,1.9,58.2510,2021/1/31 6:02:56,2021-01-31 06:05:03
1-939,0005020027,8545.2000,0.4,57.8510,2021/1/31 12:02:56,2021-01-31 12:09:20
1-939,0005020027,8546.0000,0.8,57.0510,2021/1/31 18:02:56,2021-01-31 18:07:12
1-939,0005020027,8546.7000,0.7,56.3510,2021/1/31 22:02:57,2021-01-31 22:05:05
1-939,0005020027,8548.7000,2.0,54.3510,2021/2/1 6:02:58,2021-02-01 06:05:01
1-939,0005020027,8549.0000,0.3,54.0510,2021/2/1 12:02:56,2021-02-01 12:09:58
1-939,0005020027,8551.6000,2.6,51.4510,2021/2/1 18:02:56,2021-02-01 18:08:10
1-939,0005020027,8554.0000,2.4,49.0510,2021/2/1 22:02:55,2021-02-01 22:05:26
1-939,0005020027,8558.9000,4.9,44.1510,2021/2/2 6:02:56,2021-02-02 06:06:41
1-939,0005020027,8559.3000,0.4,43.7510,2021/2/2 12:02:55,2021-02-02 12:10:20
1-939,0005020027,8561.6000,2.3,41.4510,2021/2/2 18:02:56,2021-02-02 18:17:20
1-939,0005020027,8562.7000,1.1,40.3510,2021/2/2 22:03:06,2021-02-03 00:17:36
1-939,0005020027,8565.4000,2.7,37.6510,2021/2/3 6:02:57,2021-02-03 06:05:24
1-939,0005020027,8567.3000,1.9,35.7510,2021/2/3 18:02:55,2021-02-03 18:04:54
1-939,0005020027,8569.3000,2.0,33.7510,2021/2/3 22:02:55,2021-02-03 22:04:49
1-939,0005020027,8570.3000,1.0,32.7510,2021/2/4 6:02:58,2021-02-04 06:04:27
1-939,0005020027,8571.0000,0.7,32.0510,2021/2/4 12:02:57,2021-02-04 12:05:11
1-939,0005020027,8572.3000,1.3,30.7510,2021/2/4 18:02:58,2021-02-04 18:12:32
1-939,0005020027,8573.9000,1.6,29.1510,2021/2/4 22:02:55,2021-02-04 22:10:31
1-939,0005020027,8577.9000,4.0,25.1510,2021/2/5 6:02:55,2021-02-05 06:04:32
1-939,0005020027,8578.5000,0.6,24.5510,2021/2/5 12:02:56,2021-02-05 12:05:09
1-939,0005020027,8580.0000,1.5,23.0510,2021/2/5 18:02:58,2021-02-05 18:04:41
1-939,0005020027,8582.3000,2.3,20.7510,2021/2/5 22:02:57,2021-02-05 22:07:58
1-939,0005020027,8583.9000,1.6,19.1510,2021/2/6 6:02:57,2021-02-06 06:06:06
1-939,0005020027,8584.3000,0.4,18.7510,2021/2/6 12:02:56,2021-02-06 12:04:59
1-939,0005020027,8586.9000,2.6,16.1510,2021/2/6 18:03:07,2021-02-06 18:04:37
1-939,0005020027,8587.8000,0.9,15.2510,2021/2/6 22:02:56,2021-02-06 22:04:13
1-939,0005020027,8590.9000,3.1,12.1510,2021/2/7 6:02:57,2021-02-07 06:05:36
1-939,0005020027,8591.3000,0.4,11.7510,2021/2/7 12:02:55,2021-02-07 12:04:57
1-939,0005020027,8591.9000,0.6,11.1510,2021/2/7 18:02:57,2021-02-07 18:05:43
1-939,0005020027,8592.9000,1.0,10.1510,2021/2/7 22:03:11,2021-02-07 22:04:02
1-939,0005020027,8596.2000,3.3,6.8510,2021/2/8 6:02:56,2021-02-08 06:04:24
1-939,0005020027,8596.8000,0.6,6.2510,2021/2/8 12:02:57,2021-02-08 12:07:12
1-939,0005020027,8598.1000,1.3,4.9510,2021/2/8 18:02:58,2021-02-08 18:07:54
1-939,0005020027,8600.2000,2.1,2.8510,2021/2/8 22:02:57,2021-02-08 22:04:34
1-939,0005020027,8602.4000,2.2,95.8910,2021/2/9 6:02:58,2021-02-09 06:04:50
1-939,0005020027,8603.3000,0.9,94.9910,2021/2/9 12:02:56,2021-02-09 12:04:50
1-939,0005020027,8604.4000,1.1,93.8910,2021/2/9 18:02:56,2021-02-09 18:07:20
1-939,0005020027,8605.2000,0.8,93.0910,2021/2/9 22:03:05,2021-02-09 22:08:00
1-939,0005020027,8607.1000,1.9,91.1910,2021/2/10 6:02:57,2021-02-10 06:07:37
1-939,0005020027,8607.5000,0.4,90.7910,2021/2/10 12:03:02,2021-02-10 12:04:58
1-939,0005020027,8609.2000,1.7,89.0910,2021/2/10 18:03:01,2021-02-10 18:12:21
1-939,0005020027,8616.8000,7.6,81.4910,2021/2/11 12:02:57,2021-02-11 12:04:54
1-939,0005020027,8617.2000,0.4,81.0910,2021/2/11 18:02:55,2021-02-11 18:04:45
1-939,0005020027,8617.5000,0.3,80.7910,2021/2/11 22:02:56,2021-02-11 22:11:48
1-939,0005020027,8618.2000,0.7,80.0910,2021/2/12 6:02:57,2021-02-12 06:05:39
1-939,0005020027,8618.6000,0.4,79.6910,2021/2/12 12:02:56,2021-02-12 12:05:12
1-939,0005020027,8618.9000,0.3,79.3910,2021/2/12 18:02:57,2021-02-12 18:04:46
1-939,0005020027,8619.2000,0.3,79.0910,2021/2/12 22:02:55,2021-02-12 22:04:17
1-939,0005020027,8619.7000,0.5,78.5910,2021/2/13 6:02:56,2021-02-13 06:04:29
1-939,0005020027,8620.2000,0.5,78.0910,2021/2/13 12:02:56,2021-02-13 12:04:49
1-939,0005020027,8622.7000,2.5,75.5910,2021/2/13 18:02:56,2021-02-13 18:04:41
1-939,0005020027,8627.9000,5.2,70.3910,2021/2/13 22:02:56,2021-02-13 22:04:31
1-939,0005020027,8633.7000,5.8,64.5910,2021/2/14 6:02:57,2021-02-14 06:04:39
1-939,0005020027,8635.0000,1.3,63.2910,2021/2/14 12:02:56,2021-02-14 12:05:06
1-939,0005020027,8636.2000,1.2,62.0910,2021/2/14 18:02:56,2021-02-14 18:04:46
1-939,0005020027,8640.1000,3.9,58.1910,2021/2/14 22:03:23,2021-02-14 22:04:20
1-939,0005020027,8641.6000,1.5,56.6910,2021/2/15 6:02:56,2021-02-15 06:04:40
1-939,0005020027,8642.1000,0.5,56.1910,2021/2/15 12:02:56,2021-02-15 12:05:14
1-939,0005020027,8645.1000,3.0,53.1910,2021/2/15 18:02:57,2021-02-15 18:06:55
1-939,0005020027,8647.5000,2.4,50.7910,2021/2/15 22:02:55,2021-02-15 22:07:43
1-939,0005020027,8649.4000,1.9,48.8910,2021/2/16 6:02:56,2021-02-16 06:04:50
1-939,0005020027,8650.1000,0.7,48.1910,2021/2/16 12:02:55,2021-02-16 12:05:05
1-939,0005020027,8656.7000,6.6,41.5910,2021/2/16 18:02:57,2021-02-16 18:04:47
1-939,0005020027,8658.1000,1.4,40.1910,2021/2/16 22:02:55,2021-02-16 22:05:57
1-939,0005020027,8661.0000,2.9,37.2910,2021/2/17 12:02:58,2021-02-17 12:05:05
1-939,0005020027,8663.5000,2.5,34.7910,2021/2/17 18:02:56,2021-02-17 18:06:12
1-939,0005020027,8664.3000,0.8,33.9910,2021/2/17 22:02:57,2021-02-17 22:04:56
1-939,0005020027,8665.8000,1.5,32.4910,2021/2/18 6:02:58,2021-02-18 06:16:45
1-939,0005020027,8666.3000,0.5,31.9910,2021/2/18 12:02:57,2021-02-18 12:05:06
1-939,0005020027,8669.2000,2.9,29.0910,2021/2/18 18:02:58,2021-02-18 18:04:47
1-939,0005020027,8673.6000,4.4,24.6910,2021/2/18 22:02:56,2021-02-18 22:04:21
1-939,0005020027,8675.7000,2.1,22.5910,2021/2/19 6:02:57,2021-02-19 06:04:26
1-939,0005020027,8676.3000,0.6,21.9910,2021/2/19 12:02:56,2021-02-19 12:05:12
1-939,0005020027,8677.6000,1.3,20.6910,2021/2/19 18:02:58,2021-02-19 18:04:52
1-939,0005020027,8679.5000,1.9,18.7910,2021/2/19 22:02:57,2021-02-19 22:04:25
1-939,0005020027,8680.4000,0.9,17.8910,2021/2/20 6:02:57,2021-02-20 06:04:45
1-939,0005020027,8680.8000,0.4,17.4910,2021/2/20 12:03:06,2021-02-20 12:05:03
1-939,0005020027,8683.2000,2.4,15.0910,2021/2/20 18:02:57,2021-02-20 18:04:47
1-939,0005020027,8686.8000,3.6,11.4910,2021/2/20 22:02:57,2021-02-20 22:04:26
1-939,0005020027,8693.0000,6.2,5.2910,2021/2/21 6:02:58,2021-02-21 06:04:24
1-939,0005020027,8693.4000,0.4,4.8910,2021/2/21 12:02:56,2021-02-21 12:04:57
1-939,0005020027,8693.8000,0.4,4.4910,2021/2/21 18:02:56,2021-02-21 18:04:44
1-939,0005020027,8695.8000,2.0,2.4910,2021/2/21 22:02:56,2021-02-21 22:04:32
1-939,0005020027,8697.7000,1.9,0.5910,2021/2/22 6:02:56,2021-02-22 06:04:35
1-939,0005020027,8698.1000,0.4,0.1910,2021/2/22 12:02:57,2021-02-22 12:05:12
1-939,0005020027,8701.0000,2.9,92.5310,2021/2/22 18:02:57,2021-02-22 18:04:08
1-939,0005020027,8704.2000,3.2,89.3310,2021/2/22 22:02:57,2021-02-22 22:04:22
1-939,0005020027,8706.4000,2.2,87.1310,2021/2/23 6:02:57,2021-02-23 06:04:39
1-939,0005020027,8707.0000,0.6,86.5310,2021/2/23 12:02:57,2021-02-23 12:04:24
1-939,0005020027,8708.0000,1.0,85.5310,2021/2/23 18:02:57,2021-02-23 18:05:03
1-939,0005020027,8710.3000,2.3,83.2310,2021/2/23 22:02:56,2021-02-23 22:04:17
1-939,0005020027,8712.5000,2.2,81.0310,2021/2/24 6:02:57,2021-02-24 06:04:24
1-939,0005020027,8713.0000,0.5,80.5310,2021/2/24 12:02:57,2021-02-24 12:04:21
1-939,0005020027,8714.3000,1.3,79.2310,2021/2/24 18:03:02,2021-02-24 18:05:02
1-939,0005020027,8716.5000,2.2,77.0310,2021/2/24 22:02:57,2021-02-24 22:10:02
1-939,0005020027,8718.4000,1.9,75.1310,2021/2/25 6:02:58,2021-02-25 06:05:34
1-939,0005020027,8718.8000,0.4,74.7310,2021/2/25 12:02:56,2021-02-25 12:05:22
1-939,0005020027,8720.0000,1.2,73.5310,2021/2/25 18:03:06,2021-02-25 18:09:45
1-939,0005020027,8722.5000,2.5,71.0310,2021/2/25 22:02:56,2021-02-25 22:08:57
1-939,0005020027,8725.7000,3.2,67.8310,2021/2/26 6:02:56,2021-02-26 06:04:22
1-939,0005020027,8726.1000,0.4,67.4310,2021/2/26 12:02:56,2021-02-26 12:04:52
1-939,0005020027,8726.9000,0.8,66.6310,2021/2/26 18:02:58,2021-02-26 18:06:46
1-939,0005020027,8729.8000,2.9,63.7310,2021/2/26 22:02:56,2021-02-26 22:09:48
1-939,0005020027,8731.7000,1.9,61.8310,2021/2/27 6:02:57,2021-02-27 06:04:25
1-939,0005020027,8732.1000,0.4,61.4310,2021/2/27 12:02:55,2021-02-27 12:05:09
1-939,0005020027,8732.5000,0.4,61.0310,2021/2/27 18:02:57,2021-02-27 20:05:23
1-939,0005020027,8733.4000,0.9,60.1310,2021/2/27 22:02:56,2021-02-27 22:04:19
1-939,0005020027,8735.4000,2.0,58.1310,2021/2/28 6:02:57,2021-02-28 06:04:28
1-939,0005020027,8735.8000,0.4,57.7310,2021/2/28 12:02:57,2021-02-28 12:05:12
1-939,0005020027,8738.2000,2.4,55.3310,2021/2/28 18:02:55,2021-02-28 18:04:42
1-939,0005020027,8739.5000,1.3,54.0310,2021/2/28 22:02:56,2021-02-28 22:04:12
1-939,0005020027,8742.4000,2.9,51.1310,2021/3/1 6:02:56,2021-03-01 06:04:24
1-939,0005020027,8742.8000,0.4,50.7310,2021/3/1 12:02:58,2021-03-01 12:05:22
1-939,0005020027,8743.2000,0.4,50.3310,2021/3/1 18:02:56,2021-03-01 18:40:06
1-939,0005020027,8744.9000,1.7,48.6310,2021/3/1 22:03:01,2021-03-01 22:04:22
1-939,0005020027,8747.0000,2.1,46.5310,2021/3/2 6:02:57,2021-03-02 06:06:07
1-939,0005020027,8747.3000,0.3,46.2310,2021/3/2 12:02:57,2021-03-02 12:05:15
1-939,0005020027,8748.4000,1.1,45.1310,2021/3/2 18:02:56,2021-03-02 18:04:05
1-939,0005020027,8750.7000,2.3,42.8310,2021/3/2 22:02:57,2021-03-02 22:03:44
1-939,0005020027,8751.7000,1.0,41.8310,2021/3/3 6:02:57,2021-03-03 06:04:40
1-939,0005020027,8752.0000,0.3,41.5310,2021/3/3 12:02:56,2021-03-03 12:04:25
1-939,0005020027,8752.9000,0.9,40.6310,2021/3/3 18:02:58,2021-03-03 18:04:58
1-939,0005020027,8754.7000,1.8,38.8310,2021/3/3 22:02:56,2021-03-03 22:09:33
1-939,0005020027,8757.0000,2.3,36.5310,2021/3/4 6:02:57,2021-03-04 06:05:14
1-939,0005020027,8757.4000,0.4,36.1310,2021/3/4 12:02:56,2021-03-04 12:05:10
1-939,0005020027,8758.3000,0.9,35.2310,2021/3/4 18:02:56,2021-03-04 18:06:10
1-939,0005020027,8760.8000,2.5,32.7310,2021/3/4 22:03:08,2021-03-04 22:04:46
1-939,0005020027,8762.6000,1.8,30.9310,2021/3/5 6:02:56,2021-03-05 06:05:05
1-939,0005020027,8763.0000,0.4,30.5310,2021/3/5 12:03:07,2021-03-05 12:05:13
1-939,0005020027,8764.8000,1.8,28.7310,2021/3/5 18:03:01,2021-03-05 18:05:00
1-939,0005020027,8767.5000,2.7,26.0310,2021/3/5 22:02:55,2021-03-05 22:04:41
1-939,0005020027,8771.4000,3.9,22.1310,2021/3/6 6:02:57,2021-03-06 06:04:53
1-939,0005020027,8772.0000,0.6,21.5310,2021/3/6 12:02:57,2021-03-06 12:05:20
1-939,0005020027,8772.5000,0.5,21.0310,2021/3/6 18:02:56,2021-03-06 18:04:57
1-939,0005020027,8774.3000,1.8,19.2310,2021/3/6 22:02:56,2021-03-06 22:04:30
1-939,0005020027,8775.5000,1.2,18.0310,2021/3/7 6:02:57,2021-03-07 06:04:42
1-939,0005020027,8776.7000,1.2,16.8310,2021/3/7 12:02:56,2021-03-07 12:05:21
1-939,0005020027,8780.8000,4.1,12.7310,2021/3/7 18:02:56,2021-03-07 18:04:59
1-939,0005020027,8783.9000,3.1,9.6310,2021/3/7 22:02:56,2021-03-07 22:04:23
1-939,0005020027,8785.7000,1.8,7.8310,2021/3/8 6:02:57,2021-03-08 06:04:46
1-939,0005020027,8786.1000,0.4,7.4310,2021/3/8 12:02:56,2021-03-08 12:05:14
1-939,0005020027,8789.4000,3.3,4.1310,2021/3/8 18:02:56,2021-03-08 18:04:49
1-939,0005020027,8792.0000,2.6,1.5310,2021/3/8 22:02:56,2021-03-08 22:04:35
1-939,0005020027,8793.7000,1.7,-0.1690,2021/3/9 6:02:57,2021-03-09 06:04:44
1-939,0005020027,8794.7000,1.0,-1.1690,2021/3/9 12:02:55,2021-03-09 12:05:17
1-939,0005020027,8796.5000,1.8,92.2710,2021/3/9 18:02:55,2021-03-09 18:09:42
1-939,0005020027,8798.3000,1.8,90.4710,2021/3/9 22:02:55,2021-03-10 00:06:46
1-939,0005020027,8800.0000,1.7,88.7710,2021/3/10 6:02:56,2021-03-10 06:04:48
1-939,0005020027,8800.6000,0.6,88.1710,2021/3/10 12:02:56,2021-03-10 12:04:41
1-939,0005020027,8801.9000,1.3,86.8710,2021/3/10 18:02:56,2021-03-10 18:04:48
1-939,0005020027,8802.9000,1.0,85.8710,2021/3/10 22:02:55,2021-03-10 22:04:39
1-939,0005020027,8805.9000,3.0,82.8710,2021/3/11 6:02:57,2021-03-11 06:04:53
1-939,0005020027,8806.6000,0.7,82.1710,2021/3/11 12:02:56,2021-03-11 12:05:19
1-939,0005020027,8807.8000,1.2,80.9710,2021/3/11 18:02:56,2021-03-11 18:04:52
1-939,0005020027,8810.2000,2.4,78.5710,2021/3/11 22:03:06,2021-03-11 22:04:34
1-939,0005020027,8812.1000,1.9,76.6710,2021/3/12 6:02:56,2021-03-12 06:04:50
1-939,0005020027,8812.9000,0.8,75.8710,2021/3/12 12:02:57,2021-03-12 12:05:25
1-939,0005020027,8814.3000,1.4,74.4710,2021/3/12 18:02:56,2021-03-12 20:05:33
1-939,0005020027,8816.8000,2.5,71.9710,2021/3/12 22:02:56,2021-03-12 22:04:41
1-939,0005020027,8818.1000,1.3,70.6710,2021/3/13 6:02:57,2021-03-13 06:04:52
1-939,0005020027,8820.7000,2.6,68.0710,2021/3/13 12:02:56,2021-03-13 12:05:17
1-939,0005020027,8821.3000,0.6,67.4710,2021/3/13 18:02:57,2021-03-13 20:05:53
1-939,0005020027,8822.4000,1.1,66.3710,2021/3/13 22:02:55,2021-03-13 22:04:26
1-939,0005020027,8822.9000,0.5,65.8710,2021/3/14 6:02:57,2021-03-14 06:04:40
1-939,0005020027,8824.8000,1.9,63.9710,2021/3/14 12:02:56,2021-03-14 12:05:14
1-939,0005020027,8826.4000,1.6,62.3710,2021/3/14 18:02:57,2021-03-14 18:04:48
1-939,0005020027,8827.8000,1.4,60.9710,2021/3/14 22:02:56,2021-03-14 22:04:32
1-939,0005020027,8828.6000,0.8,60.1710,2021/3/15 6:03:05,2021-03-15 06:04:34
1-939,0005020027,8830.3000,1.7,58.4710,2021/3/15 12:03:05,2021-03-15 12:05:18
1-939,0005020027,8833.3000,3.0,55.4710,2021/3/15 18:02:57,2021-03-15 18:04:53
1-939,0005020027,8836.4000,3.1,52.3710,2021/3/15 22:03:06,2021-03-15 22:04:30
1-939,0005020027,8839.1000,2.7,49.6710,2021/3/16 6:02:57,2021-03-16 06:39:48
1-939,0005020027,8840.5000,1.4,48.2710,2021/3/16 12:02:55,2021-03-16 12:05:19
1-939,0005020027,8840.9000,0.4,47.8710,2021/3/16 18:02:57,2021-03-16 18:05:06
1-939,0005020027,8841.3000,0.4,47.4710,2021/3/16 22:03:06,2021-03-17 00:07:10
1-939,0005020027,8842.3000,1.0,46.4710,2021/3/17 6:02:58,2021-03-17 06:05:02
1-939,0005020027,8843.1000,0.8,45.6710,2021/3/17 12:02:58,2021-03-17 12:05:22
1-939,0005020027,8845.0000,1.9,43.7710,2021/3/17 18:02:58,2021-03-17 20:05:46
1-939,0005020027,8847.0000,2.0,41.7710,2021/3/17 22:02:57,2021-03-17 22:04:59
1-939,0005020027,8849.9000,2.9,38.8710,2021/3/18 6:02:59,2021-03-18 06:04:38
1-939,0005020027,8850.3000,0.4,38.4710,2021/3/18 12:02:56,2021-03-18 12:05:15
1-939,0005020027,8851.8000,1.5,36.9710,2021/3/18 18:02:58,2021-03-18 18:04:52
1-939,0005020027,8853.6000,1.8,35.1710,2021/3/18 22:02:58,2021-03-19 00:06:52
1-939,0005020027,8854.1000,0.5,34.6710,2021/3/19 6:02:58,2021-03-19 06:05:03
1-939,0005020027,8854.9000,0.8,33.8710,2021/3/19 12:02:55,2021-03-19 12:05:31
1-939,0005020027,8856.1000,1.2,32.6710,2021/3/19 18:02:57,2021-03-19 18:04:38
1-939,0005020027,8858.3000,2.2,30.4710,2021/3/19 22:02:57,2021-03-19 22:04:22
1-939,0005020027,8860.2000,1.9,28.5710,2021/3/20 6:02:59,2021-03-20 06:05:12
1-939,0005020027,8863.0000,2.8,25.7710,2021/3/20 12:02:58,2021-03-20 12:05:27
1-939,0005020027,8863.4000,0.4,25.3710,2021/3/20 18:02:56,2021-03-20 18:04:58
1-939,0005020027,8863.8000,0.4,24.9710,2021/3/20 22:03:01,2021-03-20 22:05:24
1-939,0005020027,8865.0000,1.2,23.7710,2021/3/21 6:02:57,2021-03-21 06:05:00
1-939,0005020027,8866.5000,1.5,22.2710,2021/3/21 12:02:57,2021-03-21 12:05:19
1-939,0005020027,8867.3000,0.8,21.4710,2021/3/21 18:02:59,2021-03-21 18:04:46
1-939,0005020027,8868.7000,1.4,20.0710,2021/3/21 22:02:57,2021-03-21 22:04:51
1-939,0005020027,8870.0000,1.3,18.7710,2021/3/22 6:02:59,2021-03-22 06:05:05
1-939,0005020027,8870.9000,0.9,17.8710,2021/3/22 12:02:56,2021-03-22 12:09:39
1-939,0005020027,8874.8000,3.9,13.9710,2021/3/22 18:02:58,2021-03-22 18:04:48
1-939,0005020027,8877.0000,2.2,11.7710,2021/3/22 22:02:57,2021-03-22 22:04:45
1-939,0005020027,8878.8000,1.8,9.9710,2021/3/23 6:02:58,2021-03-23 06:04:59
1-939,0005020027,8880.7000,1.9,8.0710,2021/3/23 12:02:57,2021-03-23 12:05:16
1-939,0005020027,8881.7000,1.0,7.0710,2021/3/23 18:02:59,2021-03-23 18:05:08
1-939,0005020027,8883.2000,1.5,5.5710,2021/3/23 22:03:35,2021-03-23 22:04:45
1-939,0005020027,8884.5000,1.3,4.2710,2021/3/24 6:03:06,2021-03-24 06:05:15
1-939,0005020027,8885.6000,1.1,3.1710,2021/3/24 12:02:57,2021-03-24 12:14:31
1-939,0005020027,8886.4000,0.8,2.3710,2021/3/24 18:02:58,2021-03-24 18:19:41
1-939,0005020027,8888.8000,2.4,-0.0290,2021/3/24 22:02:57,2021-03-24 22:12:31
1-939,0005020027,8889.4000,0.6,-0.6290,2021/3/25 6:02:59,2021-03-25 06:11:40
1-939,0005020027,8889.9000,0.5,-1.1290,2021/3/25 12:03:08,2021-03-25 12:18:48
1-939,0005020027,8893.3000,3.4,90.7110,2021/3/25 22:02:57,2021-03-25 22:09:06
1-939,0005020027,8894.3000,1.0,89.7110,2021/3/26 6:02:55,2021-03-26 06:09:49
1-939,0005020027,8895.5000,1.2,88.5110,2021/3/26 12:02:56,2021-03-26 12:20:47
1-939,0005020027,8897.7000,2.2,86.3110,2021/3/26 18:02:58,2021-03-26 18:11:01
1-939,0005020027,8898.3000,0.6,85.7110,2021/3/26 22:02:57,2021-03-26 22:10:29
1-939,0005020027,8899.2000,0.9,84.8110,2021/3/27 6:02:58,2021-03-27 06:08:50
1-939,0005020027,8900.6000,1.4,83.4110,2021/3/27 12:02:57,2021-03-27 12:12:37
1-939,0005020027,8901.0000,0.4,83.0110,2021/3/27 18:03:08,2021-03-27 18:09:47
1-939,0005020027,8901.2000,0.2,82.8110,2021/3/27 22:02:57,2021-03-27 22:09:25
1-939,0005020027,8902.2000,1.0,81.8110,2021/3/28 6:02:58,2021-03-28 06:09:54
1-939,0005020027,8902.6000,0.4,81.4110,2021/3/28 12:02:56,2021-03-28 12:13:44
1-939,0005020027,8903.6000,1.0,80.4110,2021/3/28 18:02:58,2021-03-28 18:09:49
1-939,0005020027,8904.0000,0.4,80.0110,2021/3/28 22:02:58,2021-03-28 22:09:32
1-939,0005020027,8905.3000,1.3,78.7110,2021/3/29 6:02:58,2021-03-29 06:09:58
1-939,0005020027,8906.1000,0.8,77.9110,2021/3/29 12:02:55,2021-03-29 12:14:16
1-939,0005020027,8906.9000,0.8,77.1110,2021/3/29 18:02:56,2021-03-29 18:11:31
1-939,0005020027,8910.5000,3.6,73.5110,2021/3/29 22:02:56,2021-03-29 22:10:22
1-939,0005020027,8911.8000,1.3,72.2110,2021/3/30 6:02:57,2021-03-30 06:10:35
1-939,0005020027,8913.3000,1.5,70.7110,2021/3/30 12:03:07,2021-03-30 12:11:58
1-939,0005020027,8914.0000,0.7,70.0110,2021/3/30 18:02:56,2021-03-30 18:09:58
1-939,0005020027,8915.4000,1.4,68.6110,2021/3/30 22:02:56,2021-03-30 22:12:10
1-939,0005020027,8918.7000,3.3,65.3110,2021/3/31 6:02:57,2021-03-31 06:10:19
1-939,0005020027,8919.1000,0.4,64.9110,2021/3/31 12:02:56,2021-03-31 12:13:03
1-939,0005020027,8920.8000,1.7,63.2110,2021/3/31 18:02:56,2021-03-31 18:10:22
1-939,0005020027,8921.9000,1.1,62.1110,2021/3/31 22:02:55,2021-03-31 22:10:09
1-939,0005020027,8922.5000,0.6,61.5110,2021/4/1 6:02:57,2021-04-01 06:10:24
1-939,0005020027,8923.3000,0.8,60.7110,2021/4/1 12:02:56,2021-04-01 12:12:00
1-939,0005020027,8924.7000,1.4,59.3110,2021/4/1 18:02:57,2021-04-01 18:10:22
1-939,0005020027,8925.5000,0.8,58.5110,2021/4/1 22:02:56,2021-04-01 22:10:30
1-939,0005020027,8926.2000,0.7,57.8110,2021/4/2 6:02:56,2021-04-02 08:40:49
1-939,0005020027,8927.2000,1.0,56.8110,2021/4/2 12:03:05,2021-04-02 12:15:52
1-939,0005020027,8927.6000,0.4,56.4110,2021/4/2 18:02:56,2021-04-02 18:10:14
1-939,0005020027,8927.9000,0.3,56.1110,2021/4/2 22:02:56,2021-04-02 22:10:11
1-939,0005020027,8928.3000,0.4,55.7110,2021/4/3 6:02:57,2021-04-03 06:10:36
1-939,0005020027,8928.7000,0.4,55.3110,2021/4/3 12:02:55,2021-04-03 12:12:42
1-939,0005020027,8929.0000,0.3,55.0110,2021/4/3 18:02:56,2021-04-03 18:09:34
1-939,0005020027,8929.3000,0.3,54.7110,2021/4/3 22:02:55,2021-04-03 22:09:27
1-939,0005020027,8929.8000,0.5,54.2110,2021/4/4 6:02:56,2021-04-04 06:10:40
1-939,0005020027,8930.2000,0.4,53.8110,2021/4/4 12:02:57,2021-04-04 12:13:25
1-939,0005020027,8930.6000,0.4,53.4110,2021/4/4 18:02:56,2021-04-04 18:10:53
1-939,0005020027,8930.9000,0.3,53.1110,2021/4/4 22:02:56,2021-04-05 00:15:10
1-939,0005020027,8931.3000,0.4,52.7110,2021/4/5 6:02:57,2021-04-05 06:10:09
1-939,0005020027,8931.7000,0.4,52.3110,2021/4/5 12:02:57,2021-04-05 12:13:48
1-939,0005020027,8932.0000,0.3,52.0110,2021/4/5 18:02:57,2021-04-05 18:10:09
1-939,0005020027,8932.3000,0.3,51.7110,2021/4/5 22:02:58,2021-04-05 22:10:12
1-939,0005020027,8934.6000,2.3,49.4110,2021/4/6 6:02:57,2021-04-06 06:10:39
1-939,0005020027,8935.1000,0.5,48.9110,2021/4/6 12:02:57,2021-04-06 12:13:26
1-939,0005020027,8936.3000,1.2,47.7110,2021/4/6 18:02:56,2021-04-06 18:10:15
1-939,0005020027,8939.1000,2.8,44.9110,2021/4/6 22:02:56,2021-04-06 22:10:16
1-939,0005020027,8939.9000,0.8,44.1110,2021/4/7 6:02:57,2021-04-07 06:09:39
1-939,0005020027,8940.3000,0.4,43.7110,2021/4/7 12:02:56,2021-04-07 12:14:22
1-939,0005020027,8942.0000,1.7,42.0110,2021/4/7 18:02:58,2021-04-07 18:08:21
1-939,0005020027,8942.9000,0.9,41.1110,2021/4/7 22:02:57,2021-04-07 22:09:53
1-939,0005020027,8943.5000,0.6,40.5110,2021/4/8 6:02:57,2021-04-08 06:10:40
1-939,0005020027,8944.1000,0.6,39.9110,2021/4/8 12:02:56,2021-04-08 12:14:27
1-939,0005020027,8945.2000,1.1,38.8110,2021/4/8 18:02:58,2021-04-08 18:10:04
1-939,0005020027,8945.5000,0.3,38.5110,2021/4/8 22:02:57,2021-04-08 22:10:00
1-939,0005020027,8946.0000,0.5,38.0110,2021/4/9 6:02:59,2021-04-09 06:11:09
1-939,0005020027,8946.3000,0.3,37.7110,2021/4/9 12:02:56,2021-04-09 12:11:44
1-939,0005020027,8946.6000,0.3,37.4110,2021/4/9 18:02:56,2021-04-09 18:10:31
1-939,0005020027,8946.9000,0.3,37.1110,2021/4/9 22:02:56,2021-04-09 22:10:17
1-939,0005020027,8947.4000,0.5,36.6110,2021/4/10 6:02:56,2021-04-10 06:10:41
1-939,0005020027,8947.7000,0.3,36.3110,2021/4/10 12:02:57,2021-04-10 12:13:12
1-939,0005020027,8948.1000,0.4,35.9110,2021/4/10 18:02:58,2021-04-10 18:09:44
1-939,0005020027,8948.3000,0.2,35.7110,2021/4/10 22:02:57,2021-04-11 00:14:48
1-939,0005020027,8948.8000,0.5,35.2110,2021/4/11 6:02:58,2021-04-11 06:10:14
1-939,0005020027,8949.2000,0.4,34.8110,2021/4/11 12:02:58,2021-04-11 12:13:19
1-939,0005020027,8949.5000,0.3,34.5110,2021/4/11 18:02:57,2021-04-11 18:09:43
1-939,0005020027,8950.4000,0.9,33.6110,2021/4/11 22:02:56,2021-04-11 22:09:10
1-939,0005020027,8951.0000,0.6,33.0110,2021/4/12 6:02:57,2021-04-12 08:34:08
1-939,0005020027,8951.7000,0.7,32.3110,2021/4/12 12:03:08,2021-04-12 12:14:24
1-939,0005020027,8954.2000,2.5,29.8110,2021/4/12 18:02:56,2021-04-12 18:11:00
1-939,0005020027,8956.8000,2.6,27.2110,2021/4/12 22:02:56,2021-04-12 22:10:10
1-939,0005020027,8959.0000,2.2,25.0110,2021/4/13 6:02:56,2021-04-13 06:10:45
1-939,0005020027,8959.5000,0.5,24.5110,2021/4/13 12:02:58,2021-04-13 12:14:39
1-939,0005020027,8961.0000,1.5,23.0110,2021/4/13 18:02:55,2021-04-13 18:10:42
1-939,0005020027,8962.8000,1.8,21.2110,2021/4/13 22:02:57,2021-04-13 22:10:01
1-939,0005020027,8963.9000,1.1,20.1110,2021/4/14 6:02:57,2021-04-14 06:10:46
1-939,0005020027,8964.4000,0.5,19.6110,2021/4/14 12:03:30,2021-04-14 12:11:25
1-939,0005020027,8966.5000,2.1,17.5110,2021/4/14 18:02:58,2021-04-14 18:09:44
1-939,0005020027,8968.0000,1.5,16.0110,2021/4/14 22:02:58,2021-04-14 22:09:42
1-939,0005020027,8971.1000,3.1,12.9110,2021/4/15 12:02:57,2021-04-15 12:11:52
1-939,0005020027,8973.3000,2.2,10.7110,2021/4/15 18:02:58,2021-04-15 18:09:57
1-939,0005020027,8974.5000,1.2,9.5110,2021/4/15 22:02:57,2021-04-15 22:09:50
1-939,0005020027,8975.5000,1.0,8.5110,2021/4/16 6:02:59,2021-04-16 06:10:37
1-939,0005020027,8976.0000,0.5,8.0110,2021/4/16 12:02:57,2021-04-16 12:13:53
